PRIDE_ID,PMCID,Title,Year
PXD004452,PMC5793236,The ProteomeXchange consortium in 2017: supporting the cultural change in proteomics public data deposition,2018
PXD004452,PMC6202792,Proteomics data reuse landscape in ovarian cancer research,2018
PXD007595,PMC6202792,Proteomics data reuse landscape in ovarian cancer research,2018
PXD009227,PMC6912715,Comprehensive proteome profiling of ovarian cancer tissue,2019
PXD012254,PMC6912715,Comprehensive proteome profiling of ovarian cancer tissue,2019
PXD012254,PMC7341396,Multi-omic characterization of ovarian cancer cell lines,2020
PXD014414,PMC7341396,Multi-omic characterization of ovarian cancer cell lines,2020
PXD016793,PMC8102451,Deep proteomics of primary human ovarian tumors,2021
PXD018927,PMC8102451,Deep proteomics of primary human ovarian tumors,2021
PXD021045,PMC8956231,Longitudinal proteomics reveals early signatures of recurrence in ovarian cancer,2022
